source_id,source_name,source_type,source_url,used_for,claim_types_supported,notes
saqa,South African Qualifications Authority,official_register,https://www.saqa.org.za,NQF and qualification registration,NQF levels; SAQA registration; registered qualification records,Use live SAQA/NQF records before publishing formal qualification claims
saqa_allqs,SAQA All Qualifications Search,official_register,https://allqs.saqa.org.za,Qualification search,qualification name; SAQA ID; NQF level; credits; registration status,Use where accessible and store access date per row
dhet,Department of Higher Education and Training,official_government,https://www.dhet.gov.za,Institution and post-school education context,public universities; TVET colleges; private institution registration,Use latest registers and prospectus links
che,Council on Higher Education,quality_council,https://www.che.ac.za,Higher education accreditation,CHE accreditation; HEQSF programme recognition,Use for higher education degree diploma and certificate accreditation checks
qcto,Quality Council for Trades and Occupations,quality_council,https://www.qcto.org.za,Occupational qualifications trades and skills programmes,OQSF; occupational qualifications; trade certificates; accredited skills development providers,Use for occupational and trade route verification
umalusi,Umalusi,quality_council,https://www.umalusi.org.za,School and FET qualification context,NSC; NCV; GENFETQSF,Use for school and NCV context where relevant
usaf,Universities South Africa,sector_body,https://www.usaf.ac.za,Matric exemption and university admission context,university admission route guidance,Use for broad admission context; provider rules still override
seta_generic,Relevant SETA,sector_body,https://www.dhet.gov.za/SitePages/SETAlinks.aspx,Learnerships and sector training,learnership availability; sector skills; workplace learning,Use the relevant SETA per sector
microsoft_learn,Microsoft Learn Credentials,vendor,https://learn.microsoft.com/en-us/credentials/,Microsoft certifications,current Microsoft certification paths; retired certification notes,Do not publish MCSE/MCSA/MCSD as current without checking retirement status
comptia,CompTIA,vendor,https://www.comptia.org,IT vendor certifications,A+; Network+; Security+; cybersecurity and infrastructure certs,Vendor certificates may not be NQF qualifications
cisco,Cisco Learning and Certifications,vendor,https://www.cisco.com/site/us/en/learn/training-certifications/certifications/index.html,Networking certifications,CCST; CCNA; CCNP and related certs,Use current Cisco certification pages
aws,AWS Training and Certification,vendor,https://aws.amazon.com/certification/,Cloud certifications,AWS foundational associate professional and specialty certifications,Use current AWS certification pages
google_cloud,Google Cloud Certifications,vendor,https://cloud.google.com/learn/certification,Cloud and data certifications,Google Cloud certification pathways,Use current Google Cloud certification pages
oracle_university,Oracle University,vendor,https://education.oracle.com,Database Java cloud and application certifications,Oracle certification pathways,Use current Oracle certification pages
sap_learning,SAP Learning,vendor,https://learning.sap.com/certifications,SAP certifications,SAP consultant and technology certifications,Use current SAP certification catalogue
salesforce_trailhead,Salesforce Trailhead Credentials,vendor,https://trailhead.salesforce.com/credentials/overview,Salesforce certifications,Salesforce administrator developer consultant and specialist credentials,Use current Salesforce credential pages
professional_body_provider,Relevant professional body,professional_body,provider_specific,Professional designations and routes,recognition; exams; professional membership; designation requirements,Use exact professional body source per qualification
institution_prospectus,Institution prospectus or programme page,provider_source,provider_specific,Entry requirements and APS,required subjects; APS; duration; campus; mode; fees; progression,Provider programme page overrides generic guidance
