"summary_type","name","count"
"node_type","backlog","1"
"node_type","canonical_career","1702"
"node_type","enrichment_batch","1"
"node_type","pathway_template","15"
"node_type","research_category","31"
"node_type","starter_route","2676"
"node_type","starter_stream","18"
"edge_type","classified_as_research_category","1702"
"edge_type","mapped_to_starter_stream","1702"
"edge_type","suggested_starter_route","1350"
"edge_type","uses_pathway_template","1702"
"edge_type","aligned_to_starter_route","284"
"edge_type","enriched_in_batch_009","241"
"edge_type","queued_for_enrichment","145"
"edge_type","related_career","112"
"edge_type","curated_starter_route_link","93"
"dataset","raw_research_records","1775"
"dataset","canonical_careers","1702"
"dataset","duplicate_groups","47"
"dataset","direct_starter_route_alignments","284"
"dataset","top100_linked_careers","145"
"dataset","research_reality_profiles","1702"
"dataset","starter_routes_with_direct_research_alignment","283"
"dataset","starter_routes_with_any_research_link","589"
"dataset","starter_routes_with_curated_research_link","38"
"dataset","starter_routes_without_research_link","461"
"dataset","raw_research_records","1775"
"dataset","canonical_careers","1702"
"dataset","research_reality_profiles","1702"
"dataset","top100_linked_careers","145"
"dataset","starter_routes_with_direct_research_alignment","283"
"dataset","starter_routes_with_any_research_link","589"
"dataset","starter_routes_with_curated_research_link","38"
"dataset","starter_routes_without_research_link","938"
"dataset","raw_research_records","1775"
"dataset","canonical_careers","1702"
"dataset","research_reality_profiles","1702"
"dataset","top100_linked_careers","145"
"dataset","starter_routes_with_direct_research_alignment","283"
"dataset","starter_routes_with_any_research_link","589"
"dataset","starter_routes_with_curated_research_link","38"
"dataset","starter_routes_without_research_link","2087"
"dataset","raw_research_records","1775"
"dataset","canonical_careers","1702"
"dataset","research_reality_profiles","1702"
"dataset","top100_linked_careers","145"
"dataset","starter_routes_with_direct_research_alignment","283"
"dataset","starter_routes_with_any_research_link","589"
"dataset","starter_routes_with_curated_research_link","38"
"dataset","starter_routes_without_research_link","2087"
