canonical_career_id,canonical_career_title,normalized_career_name,duplicate_record_count,raw_career_ids,title_variants,career_category_variants,source_batches,has_batch_009_enrichment
za-career-registered-nurse,Registered Nurse,registered nurse,11,SA-CAR-0011 | SA-CAR-0132 | SA-CAR-0133 | SA-CAR-0134 | SA-CAR-0135 | SA-CAR-0136 | SA-CAR-0137 | SA-CAR-0138 | SA-CAR-1002 | SA-CAR-1206 | SA-CAR-1207,Registered Nurse | Registered Nurse (Child and Family Health) | Registered Nurse (Community Health) | Registered Nurse (Critical Care and Emergency) | Registered Nurse (Medical) | Registered Nurse (Mental Health) | Registered Nurse (Operating theatre) | Registered Nurse (Surgical) | Registered Nurse (Medical Practice) | Registered Nurse (Developmental Disability) | Registered Nurse (Disability and Rehabilitation),Healthcare and Wellness,001_seed | 009_enriched_scarce_high_demand | 002_oihd | 005_mixed_official | 006_dpsa_public_service,yes
za-career-mineral-beneficiation-process-controller,Mineral Beneficiation Process Controller (Material Handler),mineral beneficiation process controller,6,SA-CAR-0649 | SA-CAR-0650 | SA-CAR-0651 | SA-CAR-0652 | SA-CAR-0653 | SA-CAR-1445,Mineral Beneficiation Process Controller (Material Handler) | Mineral Beneficiation Process Controller (Materials Preparer: Lump Ore) | Mineral Beneficiation Process Controller (Mineral Processor: Calcining) | Mineral Beneficiation Process Controller (Mineral Processor: Hydrometallurgy) | Mineral Beneficiation Process Controller (Mineral Processor: Smelting) | Mineral Beneficiation Process Controller,Mining and Natural Resources,004_qcto_tvet | 007_dpsa_public_service,no
za-career-mining-technician,Mining Technician,mining technician,6,SA-CAR-0215 | SA-CAR-0658 | SA-CAR-0659 | SA-CAR-0661 | SA-CAR-0662 | SA-CAR-0663,Mining Technician | Mining Technician (Mine Planning Practitioner) | Mining Technician (Mine Ventilation Officer) | Mining Technician (Strata Control Observer: Underground Hardrock) | Mining Technician (Strata Control Practitioner: Underground Hardrock) | Mining Technician: (Mining Surveyor),Mining and Natural Resources | Engineering and Built Environment,002_oihd | 009_enriched_scarce_high_demand | 004_qcto_tvet,yes
za-career-master-toolmaker,Master Toolmaker (Casting and Die-Casting Mouldmaker Master Toolmaker),master toolmaker,5,SA-CAR-0623 | SA-CAR-0624 | SA-CAR-0625 | SA-CAR-0626 | SA-CAR-0627,Master Toolmaker (Casting and Die-Casting Mouldmaker Master Toolmaker) | Master Toolmaker (Metal Forming Die Master Toolmaker) | Master Toolmaker (Plastic or Rubber or Glass Master Toolmaker) | Master Toolmaker (Purpose Built Machine Master Toolmaker) | Master Toolmaker (Specialised Tooling Machinist Master Toolmaker),Trades and Artisan Careers,004_qcto_tvet,no
za-career-mining-operator,Mining Operator (Drill Rig Operator: Underground Coal),mining operator,4,SA-CAR-0655 | SA-CAR-0656 | SA-CAR-0657 | SA-CAR-0974,Mining Operator (Drill Rig Operator: Underground Coal) | Mining Operator (Hauling Equipment Operator: Underground Coal) | Mining Operator (Loading Equipment Operator: Underground Coal) | Mining Operator,Mining and Natural Resources,004_qcto_tvet | 005_mixed_official,no
za-career-crane-or-hoist-operator,Crane or Hoist Operator (Onsetter),crane or hoist operator,3,SA-CAR-0400 | SA-CAR-0401 | SA-CAR-0985,Crane or Hoist Operator (Onsetter) | Crane or Hoist Operator (Small Winder Operator) | Crane or Hoist Operator,Manufacturing and Industrial,003_qcto_tvet | 005_mixed_official,no
za-career-driller,Driller,driller,3,SA-CAR-0432 | SA-CAR-0433 | SA-CAR-0434,Driller | Driller (Directional Driller) | Driller (Exploration Driller),TVET / Occupational and Workplace Pathways,003_qcto_tvet,no
za-career-geological-technician,Geological Technician (Marine Mining Geological Technician),geological technician,3,SA-CAR-0512 | SA-CAR-0513 | SA-CAR-0514,Geological Technician (Marine Mining Geological Technician) | Geological Technician (Surface Mining Geological Technician) | Geological Technician (Underground Mining Geological Technician),Mining and Natural Resources,003_qcto_tvet,no
za-career-university-lecturer,University Lecturer,university lecturer,3,SA-CAR-0017 | SA-CAR-0148 | SA-CAR-1004,University Lecturer | University Lecturer (Senior),Education and Training,001_seed | 009_enriched_scarce_high_demand | 002_oihd | 005_mixed_official,yes
za-career-air-conditioning-and-refrigeration-mechanic,Air Conditioning and Refrigeration Mechanic,air conditioning and refrigeration mechanic,2,SA-CAR-0287 | SA-CAR-1296,Air Conditioning and Refrigeration Mechanic | Air-conditioning and Refrigeration Mechanic,Trades and Artisan Careers | Manufacturing and Industrial,003_qcto_tvet | 007_dpsa_public_service,no
za-career-armature-winder,Armature Winder,armature winder,2,SA-CAR-0302 | SA-CAR-0303,Armature Winder | Armature Winder (Heavy Coil Winder),TVET / Occupational and Workplace Pathways,003_qcto_tvet,no
za-career-boat-builder-and-repairer,Boat Builder and Repairer (Boat Builder),boat builder and repairer,2,SA-CAR-0334 | SA-CAR-0335,Boat Builder and Repairer (Boat Builder) | Boat Builder and Repairer (Shipbuilder),Trades and Artisan Careers,003_qcto_tvet,no
za-career-chef,Chef,chef,2,SA-CAR-0024 | SA-CAR-0262,Chef,"Hospitality Tourism and Events | Hospitality, Tourism and Events",001_seed | 009_enriched_scarce_high_demand | 002_oihd,yes
za-career-chemist,Chemist,chemist,2,SA-CAR-0083 | SA-CAR-0360,Chemist | Chemist (Surface Coatings Technologist),Science and Research | TVET / Occupational and Workplace Pathways,002_oihd | 009_enriched_scarce_high_demand | 003_qcto_tvet,yes
za-career-corporate-general-manager,Corporate General Manager,corporate general manager,2,SA-CAR-0039 | SA-CAR-1022,Corporate General Manager | Corporate General Manager (Medium Enterprises or Larger),"Business, Management and Administration",002_oihd | 009_enriched_scarce_high_demand | 005_mixed_official,yes
za-career-customer-service-manager,Customer Service Manager,customer service manager,2,SA-CAR-0049 | SA-CAR-1122,Customer Service Manager,"Retail, Sales and Customer Experience | Business, Management and Administration",002_oihd | 009_enriched_scarce_high_demand | 006_dpsa_public_service,yes
za-career-deck-hand,Deck Hand (Able Seaman),deck hand,2,SA-CAR-0412 | SA-CAR-0987,Deck Hand (Able Seaman) | Deck Hand,"Logistics, Transport and Supply Chain",003_qcto_tvet | 005_mixed_official,no
za-career-draughtsperson,Draughtsperson,draughtsperson,2,SA-CAR-0218 | SA-CAR-0430,Draughtsperson | Draughtsperson (Piping Draught Person),Engineering and Built Environment,002_oihd | 009_enriched_scarce_high_demand | 003_qcto_tvet,yes
za-career-energy-efficiency-technician,Energy Efficiency Technician,energy efficiency technician,2,SA-CAR-0212 | SA-CAR-0455,Energy Efficiency Technician | Energy Efficiency Technician (Energy Audit Technician),Energy and Green Economy | Technology and Digital,002_oihd | 009_enriched_scarce_high_demand | 003_qcto_tvet,yes
za-career-fet-phase-school-teacher,FET Phase School Teacher (Grades 10-12),fet phase school teacher,2,SA-CAR-0150 | SA-CAR-1005,FET Phase School Teacher (Grades 10-12) | FET Phase School Teacher (Grades 10-12 STEM),Education and Training,002_oihd | 009_enriched_scarce_high_demand | 005_mixed_official,yes
za-career-folding-machine-operator,Folding Machine Operator,folding machine operator,2,SA-CAR-0484 | SA-CAR-1382,Folding Machine Operator | Folding Machine Operator (Paper Products),Manufacturing and Industrial,003_qcto_tvet | 007_dpsa_public_service,no
za-career-forensic-technician,"Forensic Technician (Biology, Toxicology)",forensic technician,2,SA-CAR-0219 | SA-CAR-1396,"Forensic Technician (Biology, Toxicology) | Forensic Technician","Business, Management and Administration | Engineering and Built Environment",002_oihd | 009_enriched_scarce_high_demand | 007_dpsa_public_service,yes
za-career-hot-water-system-installer,Hot Water System Installer (Heat Pump Installer),hot water system installer,2,SA-CAR-0557 | SA-CAR-0558,Hot Water System Installer (Heat Pump Installer) | Hot Water System Installer (Solar Water Installer),Trades and Artisan Careers,004_qcto_tvet,no
za-career-ict-security-specialist,ICT Security Specialist,ict security specialist,2,SA-CAR-0004 | SA-CAR-0191,ICT Security Specialist,Technology and Digital,001_seed | 009_enriched_scarce_high_demand | 002_oihd,yes
za-career-insurance-claims-administrator,Insurance Claims Administrator (Insurance Claims Assessor),insurance claims administrator,2,SA-CAR-0573 | SA-CAR-0927,Insurance Claims Administrator (Insurance Claims Assessor) | Insurance Claims Administrator,"Finance, Banking and Insurance",004_qcto_tvet | 005_mixed_official,no
za-career-internal-audit-manager,Internal Audit Manager,internal audit manager,2,SA-CAR-0033 | SA-CAR-0575,Internal Audit Manager | Internal Audit Manager (Internal Audit Quality Assurer),"Finance, Banking and Insurance | Technology and Digital",002_oihd | 009_enriched_scarce_high_demand | 004_qcto_tvet,yes
za-career-internal-auditor,Internal Auditor,internal auditor,2,SA-CAR-0173 | SA-CAR-0576,Internal Auditor | Internal Auditor (ICT Internal Auditor),"Finance, Banking and Insurance | Technology and Digital",002_oihd | 009_enriched_scarce_high_demand | 004_qcto_tvet,yes
za-career-landscape-gardener,Landscape Gardener (Landscaping Supervisor),landscape gardener,2,SA-CAR-0586 | SA-CAR-1349,Landscape Gardener (Landscaping Supervisor) | Landscape Gardener,"Agriculture, Food and Environment | Trades and Artisan Careers",004_qcto_tvet | 007_dpsa_public_service,no
za-career-laundry-worker,Laundry Worker,laundry worker,2,SA-CAR-0591 | SA-CAR-1029,Laundry Worker | Laundry Worker (General),TVET / Occupational and Workplace Pathways | Entrepreneurship and Informal Economy,004_qcto_tvet | 006_dpsa_public_service,no
za-career-metal-machinist,Metal Machinist,metal machinist,2,SA-CAR-0636 | SA-CAR-0637,Metal Machinist | Metal Machinist (Automotive Machinist),Trades and Artisan Careers,004_qcto_tvet,no
za-career-metallurgist,Metallurgist,metallurgist,2,SA-CAR-0109 | SA-CAR-1162,Metallurgist,Mining and Natural Resources,002_oihd | 009_enriched_scarce_high_demand | 006_dpsa_public_service,yes
za-career-nurseryperson,Nurseryperson (Nursery Supervisor),nurseryperson,2,SA-CAR-0692 | SA-CAR-1350,Nurseryperson (Nursery Supervisor) | Nurseryperson,"Healthcare and Wellness | Agriculture, Food and Environment",004_qcto_tvet | 007_dpsa_public_service,no
za-career-pharmacist-s-assistant,Pharmacist's Assistant (Basic),pharmacist s assistant,2,SA-CAR-0718 | SA-CAR-0719,Pharmacist's Assistant (Basic) | Pharmacist's Assistant (Post Basic),TVET / Occupational and Workplace Pathways,004_qcto_tvet,no
za-career-plumber,Plumber,plumber,2,SA-CAR-0726 | SA-CAR-1359,Plumber,Trades and Artisan Careers,004_qcto_tvet | 007_dpsa_public_service,no
za-career-professional-principal-executive-officer,Professional Principal Executive Officer,professional principal executive officer,2,SA-CAR-0738 | SA-CAR-0739,Professional Principal Executive Officer | Professional Principal Executive Officer (Retirement Fund Trustee),TVET / Occupational and Workplace Pathways,004_qcto_tvet,no
za-career-radiologist,Radiologist,radiologist,2,SA-CAR-1202 | SA-CAR-1495,Radiologist,"Business, Management and Administration | Healthcare and Wellness",006_dpsa_public_service | 007_dpsa_public_service,no
za-career-religious-associate-professional,Religious Associate Professional (Christian Religious Practitioner),religious associate professional,2,SA-CAR-0778 | SA-CAR-0779,Religious Associate Professional (Christian Religious Practitioner) | Religious Associate Professional (Hindu Congregational Leader),TVET / Occupational and Workplace Pathways,005_mixed_official,no
za-career-remotely-operated-vehicle-pilot,Remotely Operated Vehicle (ROV) Pilot,remotely operated vehicle pilot,2,SA-CAR-0982 | SA-CAR-1303,Remotely Operated Vehicle (ROV) Pilot | Remotely Operated Vehicle Pilot,"TVET / Occupational and Workplace Pathways | Logistics, Transport and Supply Chain",005_mixed_official | 007_dpsa_public_service,no
za-career-safety-inspector,Safety Inspector (Forestry and Related Industries Safety Health and Environment Officer),safety inspector,2,SA-CAR-0796 | SA-CAR-1448,Safety Inspector (Forestry and Related Industries Safety Health and Environment Officer) | Safety Inspector,Healthcare and Wellness | TVET / Occupational and Workplace Pathways,005_mixed_official | 007_dpsa_public_service,no
za-career-sales-assistant,Sales Assistant (General) (Retail Sales Advisor),sales assistant,2,SA-CAR-0798 | SA-CAR-0944,Sales Assistant (General) (Retail Sales Advisor) | Sales Assistant (General),"Retail, Sales and Customer Experience",005_mixed_official,no
za-career-school-principal,School Principal,school principal,2,SA-CAR-0070 | SA-CAR-0801,School Principal | School Principal (School Manager),Education and Training,002_oihd | 009_enriched_scarce_high_demand | 005_mixed_official,yes
za-career-senior-phase-school-teacher,Senior Phase School Teacher (Grades 7 - 9),senior phase school teacher,2,SA-CAR-0151 | SA-CAR-1006,Senior Phase School Teacher (Grades 7 - 9) | Senior Phase School Teacher (Grades 8-9 STEM),Education and Training,002_oihd | 009_enriched_scarce_high_demand | 005_mixed_official,yes
za-career-social-worker,Social Worker,social worker,2,SA-CAR-1284 | SA-CAR-1498,Social Worker,"Business, Management and Administration | Healthcare and Wellness",007_dpsa_public_service,no
za-career-transportation-electrician,Transportation Electrician (Automotive Electrician),transportation electrician,2,SA-CAR-0888 | SA-CAR-0963,Transportation Electrician (Automotive Electrician) | Transportation Electrician,Trades and Artisan Careers,005_mixed_official,no
za-career-truck-driver,Truck Driver,truck driver,2,SA-CAR-0890 | SA-CAR-0979,Truck Driver | Truck Driver (General),"Logistics, Transport and Supply Chain",005_mixed_official,no
za-career-valuer,Valuer,valuer,2,SA-CAR-0240 | SA-CAR-0900,Valuer | Valuer (Municipal Property Assessor),"Business, Management and Administration | Education and Training",002_oihd | 009_enriched_scarce_high_demand | 005_mixed_official,yes
za-career-vehicle-painter,Vehicle Painter (Automobile and Marine Painter),vehicle painter,2,SA-CAR-0902 | SA-CAR-0957,Vehicle Painter (Automobile and Marine Painter) | Vehicle Painter,Trades and Artisan Careers,005_mixed_official,no
