stream,template_kind,template_profile,primary_grade10_subject_gate,main_qualification_routes,gate_caution,verification_status
Technology data and AI,tech,mixed,Mathematics strongly preferred; IT and CAT useful,university|diploma|higher_certificate|vendor_certificate|portfolio,Exact APS and subject percentages vary by provider,template_linked_needs_provider_verification
Finance admin and business operations,finance,mixed,Mathematics and Accounting protect professional and quantitative routes,university|diploma|higher_certificate|professional_body|learnership,Professional-body rules and provider accreditation must be checked,template_linked_needs_provider_verification
Skilled trades construction and engineering,practical,trade,Mathematics or Technical Mathematics plus Physical or Technical Sciences protect technical routes,tvet|nated|occupational_certificate|apprenticeship|trade_test,Designated trade and QCTO or trade-test rules must be checked,template_linked_needs_provider_verification
Health care and social services,care,care,Life Sciences Mathematics and sometimes Physical Sciences protect clinical routes,university|diploma|higher_certificate|learnership|registration,Health routes can have selection clinical placement and professional registration gates,template_linked_needs_provider_verification
Education training and youth development,education,education,Strong languages plus subjects linked to teaching phase,university|postgraduate|higher_certificate|occupational_certificate|workplace,SACE and provider phase or subject-credit rules must be checked,template_linked_needs_provider_verification
Agriculture food and environment,agri,vocational,Agricultural Sciences Life Sciences Geography and Mathematics useful,university|diploma|tvet|learnership|workplace,Science-heavy routes need provider-specific maths or science checks,template_linked_needs_provider_verification
Logistics transport and supply chain,logistics,logistics,Business Studies Geography Mathematics and CAT useful,university|diploma|tvet|learnership|licence_or_permit,Licence medical aviation maritime port or employer gates may apply,template_linked_needs_provider_verification
Law public service and public safety,public,public,Strong languages History Business Geography and Mathematics useful,university|diploma|learnership|professional_registration|workplace,Extra checks may apply depending on role and provider,template_linked_needs_provider_verification
Creative media and design,creative,portfolio,Languages creative subjects CAT and portfolio evidence useful,university|diploma|higher_certificate|portfolio|shortcourse,Portfolio audition or creative task may be required,template_linked_needs_provider_verification
Sales marketing and customer work,people,mixed,Languages Business Studies Economics CAT and Mathematics useful,university|diploma|higher_certificate|learnership|vendor_certificate,Workplace proof and platform or tool certificates may matter,template_linked_needs_provider_verification
Hospitality tourism sport and events,hospitality,hospitality,Tourism Hospitality Consumer Studies Business and languages useful,diploma|tvet|learnership|additional_gate|workplace,Some routes may add medical licence fitness travel or regulatory gates,template_linked_needs_provider_verification
Manufacturing mining and energy,engineering,trade,Mathematics Physical Sciences Technical Sciences and EGD protect routes,university|diploma|tvet|apprenticeship|workplace,Safety medical site and trade-test gates may apply,template_linked_needs_provider_verification
Informal entrepreneurship and community economy,entrepreneur,entrepreneur,Business Accounting CAT languages and numeracy useful,higher_certificate|shortcourse|learnership|workplace|support,No single route; legal safety age and business compliance may apply,template_linked_needs_provider_verification
Science research and frontier careers,science,science,Mathematics Physical Sciences and Life Sciences protect BSc routes,university|postgraduate|diploma|workplace|shortcourse,Many specialist routes need postgraduate study and lab or field safety gates,template_linked_needs_provider_verification
Arts culture heritage and society,creative,portfolio,Languages creative subjects History CAT and portfolio useful,university|diploma|higher_certificate|portfolio|shortcourse,Portfolio audition language proficiency and provider rules vary,template_linked_needs_provider_verification
