rule_id,subject,career_cluster,route_type,requirement_strength,rule_summary,learner_warning,verification_status,source_url
maths_engineering_university,Mathematics,Engineering,university_route,blocks_some_routes_if_missing,Most engineering degree routes require Mathematics and provider-specific marks.,Dropping Mathematics can close many university engineering routes. Check each university prospectus before final subject choice.,needs_manual_verification,provider_prospectus_required
physical_sciences_engineering_university,Physical Sciences,Engineering,university_route,blocks_some_routes_if_missing,Many engineering degree routes require Physical Sciences and provider-specific marks.,Dropping Physical Sciences can close many university engineering routes. Check each university prospectus before final subject choice.,needs_manual_verification,provider_prospectus_required
maths_data_university,Mathematics,Data Science and Analytics,university_route,strongly_recommended,Quantitative data science routes commonly depend on Mathematics for BSc or statistics-heavy study.,Mathematical Literacy may limit access to many Computer Science Data Science Statistics and Actuarial routes.,needs_manual_verification,provider_prospectus_required
it_data_all_routes,Information Technology,Data Science and Analytics,self_study_route,helpful,IT supports programming thinking but is not always a formal university admission requirement.,Helpful subject but still check Mathematics and degree admission rules.,needs_manual_verification,provider_prospectus_required
cat_digital_routes,Computer Applications Technology,Information Technology and Computer Science,vendor_certification_route,helpful,CAT can support digital confidence office systems and IT support routes.,CAT alone does not replace Mathematics where a degree route requires Mathematics.,needs_manual_verification,provider_prospectus_required
maths_computer_science_university,Mathematics,Information Technology and Computer Science,university_route,route_dependent,Computer Science and related degree routes often require Mathematics; IT support and vendor routes may be more flexible.,Do not assume all IT routes have the same entry criteria. Degree support technician and vendor routes differ.,needs_manual_verification,provider_prospectus_required
accounting_finance_university,Accounting,Finance Accounting Banking and Insurance,university_route,strongly_recommended,Accounting is strongly useful for accounting finance and bookkeeping pathways.,Some professional accounting routes may require or prefer Accounting and Mathematics. Verify per programme.,needs_manual_verification,provider_prospectus_required
maths_finance_professional,Mathematics,Finance Accounting Banking and Insurance,professional_body_route,strongly_recommended,Mathematics supports accounting actuarial finance and quantitative banking routes.,Mathematical Literacy may limit quantitative finance actuarial and some accounting degree options.,needs_manual_verification,professional_body_and_provider_required
life_sciences_healthcare,Life Sciences,Healthcare and Medicine,university_route,route_dependent,Life Sciences supports health biology nursing and medical study routes where required or recommended.,Health science entry requirements differ widely by institution and programme.,needs_manual_verification,provider_prospectus_required
physical_sciences_healthcare,Physical Sciences,Healthcare and Medicine,university_route,route_dependent,Physical Sciences is commonly important for medicine pharmacy and several health science routes.,Check exact programme rules before dropping Physical Sciences if aiming at medicine pharmacy or related health science routes.,needs_manual_verification,provider_prospectus_required
life_sciences_nursing,Life Sciences,Nursing and Care Work,university_route,helpful,Life Sciences is useful for nursing and care routes and may be required by some providers.,Nursing entry rules differ by provider and qualification type.,needs_manual_verification,provider_prospectus_required
egd_built_environment,Engineering Graphics and Design,Built Environment and Construction,university_of_technology_route,helpful,EGD supports architecture construction drafting and technical design thinking.,EGD is helpful but not always the only requirement. Check Mathematics and portfolio or provider rules.,needs_manual_verification,provider_prospectus_required
visual_arts_creative,Visual Arts,Media Design Film and Creative Arts,portfolio_route,helpful,Visual Arts supports creative portfolios for design art media and visual communication routes.,Creative routes often need portfolio evidence in addition to school marks.,needs_manual_verification,provider_prospectus_required
design_creative,Design,Media Design Film and Creative Arts,portfolio_route,helpful,Design supports design thinking portfolio work and creative applications.,A strong portfolio may matter more than one subject but provider rules vary.,needs_manual_verification,provider_prospectus_required
geography_environment,Geography,Agriculture and Environmental Careers,university_route,helpful,Geography supports environmental planning GIS logistics and earth-related pathways.,Useful subject but exact admission rules are qualification-specific.,needs_manual_verification,provider_prospectus_required
agricultural_sciences_agri,Agricultural Sciences,Agriculture and Environmental Careers,tvet_route,helpful,Agricultural Sciences supports farming food environment and agricultural study routes.,Helpful for agri routes but Mathematics Life Sciences or Geography may still matter by programme.,needs_manual_verification,provider_prospectus_required
tourism_hospitality,Tourism,Hospitality Tourism and Culinary Arts,tvet_route,helpful,Tourism supports hospitality tourism travel and events routes.,Tourism is useful but not the only route into hospitality or travel work.,needs_manual_verification,provider_prospectus_required
consumer_studies_hospitality,Consumer Studies,Hospitality Tourism and Culinary Arts,tvet_route,helpful,Consumer Studies supports culinary hospitality and service-related pathways.,Practical proof and provider-specific entry rules still matter.,needs_manual_verification,provider_prospectus_required
languages_law_public_service,Languages,Law and Legal Services,university_route,helpful,Strong language ability supports law public service communication and research-heavy routes.,Law entry is provider-specific and may depend on APS and language marks.,needs_manual_verification,provider_prospectus_required
history_public_service,History,Public Safety Policing and Security,university_route,helpful,History supports social context policy law public service and humanities routes.,Helpful subject but does not guarantee public service entry.,needs_manual_verification,provider_prospectus_required
